Time,Temperature,SootA,Co2,
29-8-2015T13-19-39,25.469999,27.745892,1425.660034,
29-8-2015T13-19-40,25.469999,27.735323,1425.660034,
29-8-2015T13-19-41,25.469999,27.725811,1424.959961,
29-8-2015T13-19-42,25.469999,27.717251,1424.959961,
29-8-2015T13-19-43,25.469999,27.730257,1421.939941,
29-8-2015T13-19-44,25.469999,27.623056,1421.939941,
29-8-2015T13-19-45,25.469999,27.557262,1420.949951,
29-8-2015T13-19-46,25.469999,27.498047,1420.949951,
29-8-2015T13-19-47,25.469999,27.444752,1420.810059,
29-8-2015T13-19-48,25.469999,27.396786,1420.810059,
29-8-2015T13-19-49,25.469999,27.3237,1417.180054,
29-8-2015T13-19-50,25.469999,27.313156,1417.180054,
29-8-2015T13-19-51,25.469999,27.253036,1417.030029,
29-8-2015T13-19-52,25.469999,27.198929,1417.030029,
29-8-2015T13-19-53,25.469999,27.15023,1417.040039,
29-8-2015T13-19-54,25.469999,27.106403,1417.040039,
29-8-2015T13-19-55,25.469999,27.025532,1416.75,
29-8-2015T13-19-56,25.469999,27.031763,1416.75,
29-8-2015T13-19-57,25.469999,27.102579,1417.689941,
29-8-2015T13-19-58,25.469999,27.166313,1417.689941,
29-8-2015T13-19-59,25.469999,27.223673,1418.910034,
29-8-2015T13-20-00,25.469999,27.275297,1418.910034,
29-8-2015T13-20-01,25.469999,27.373926,1412.97998,
29-8-2015T13-20-02,25.469999,27.497213,1412.97998,
29-8-2015T13-20-03,25.469999,27.582857,1411.410034,
29-8-2015T13-20-04,25.469999,27.659937,1411.410034,
29-8-2015T13-20-05,25.469999,27.729307,1411.040039,
29-8-2015T13-20-06,25.469999,27.79174,1411.040039,
29-8-2015T13-20-07,25.469999,27.897795,1411.380005,
29-8-2015T13-20-08,25.469999,27.978668,1411.380005,
29-8-2015T13-20-09,25.469999,28.006193,1412.300049,
29-8-2015T13-20-10,25.469999,28.030966,1412.300049,
29-8-2015T13-20-11,25.469999,28.053261,1412.119995,
29-8-2015T13-20-12,25.469999,28.073326,1412.119995,
29-8-2015T13-20-13,25.469999,28.079878,1418.329956,
29-8-2015T13-20-14,25.469999,28.151749,1418.329956,
29-8-2015T13-20-15,25.469999,28.24098,1419.219971,
29-8-2015T13-20-16,25.469999,28.321289,1419.219971,
29-8-2015T13-20-17,25.469999,28.393566,1415.98999,
29-8-2015T13-20-18,25.469999,28.458616,1415.98999,
29-8-2015T13-20-19,25.469999,28.497217,1411.579956,
29-8-2015T13-20-20,25.469999,28.448338,1411.579956,
29-8-2015T13-20-21,25.469999,28.441168,1412.319946,
29-8-2015T13-20-22,25.469999,28.434715,1412.319946,
29-8-2015T13-20-23,25.469999,28.428909,1412.77002,
29-8-2015T13-20-24,25.469999,28.423683,1412.77002,
29-8-2015T13-20-25,25.469999,28.301607,1411.390015,
29-8-2015T13-20-26,25.469999,28.219355,1411.390015,
29-8-2015T13-20-27,25.469999,28.177549,1414.170044,
29-8-2015T13-20-28,25.469999,28.139925,1414.170044,
29-8-2015T13-20-29,25.469999,28.106062,1414.930054,
29-8-2015T13-20-30,25.469999,28.075586,1414.930054,
29-8-2015T13-20-31,25.469999,28.196217,1414.130005,
29-8-2015T13-20-32,25.469999,28.261057,1414.130005,
29-8-2015T13-20-33,25.469999,28.257273,1415.650024,
29-8-2015T13-20-34,25.469999,28.253868,1415.650024,
29-8-2015T13-20-35,25.469999,28.250803,1414.579956,
29-8-2015T13-20-36,25.469999,28.248045,1414.579956,
29-8-2015T13-20-37,25.469999,28.252468,1408.530029,
29-8-2015T13-20-38,25.469999,28.337,1408.530029,
29-8-2015T13-20-39,25.469999,28.397734,1412.349976,
29-8-2015T13-20-40,25.469999,28.452394,1412.349976,
29-8-2015T13-20-41,25.469999,28.501589,1418.040039,
29-8-2015T13-20-42,25.469999,28.545864,1418.040039,
29-8-2015T13-20-43,25.469999,28.49979,1418.930054,
29-8-2015T13-20-44,25.469999,28.432243,1418.930054,
29-8-2015T13-20-45,25.469999,28.388327,1418.380005,
29-8-2015T13-20-46,25.469999,28.348803,1418.380005,
29-8-2015T13-20-47,25.469999,28.313231,1418.069946,
29-8-2015T13-20-48,25.469999,28.281216,1418.069946,
29-8-2015T13-20-49,25.469999,28.29306,1412.699951,
29-8-2015T13-20-50,25.469999,28.29298,1412.699951,
29-8-2015T13-20-51,25.469999,28.220798,1411.560059,
29-8-2015T13-20-52,25.469999,28.155834,1411.560059,
29-8-2015T13-20-53,25.469999,28.097366,1407.310059,
29-8-2015T13-20-54,25.469999,28.044744,1407.310059,
29-8-2015T13-20-55,25.469999,28.042646,1407.069946,
29-8-2015T13-20-56,25.469999,27.990894,1407.069946,
29-8-2015T13-20-57,25.469999,27.974237,1406.849976,
29-8-2015T13-20-58,25.469999,27.959246,1406.849976,
29-8-2015T13-20-59,25.469999,27.945753,1406.349976,
29-8-2015T13-21-00,25.469999,27.933609,1406.349976,
29-8-2015T13-21-01,25.469999,27.875116,1406.109985,
29-8-2015T13-21-02,25.469999,27.754198,1406.109985,
29-8-2015T13-21-03,25.469999,27.630028,1408.160034,
29-8-2015T13-21-04,25.469999,27.518272,1408.160034,
29-8-2015T13-21-05,25.469999,27.417694,1412.880005,
29-8-2015T13-21-06,25.469999,27.327175,1412.880005,
29-8-2015T13-21-07,25.469999,27.200445,1414.0,
29-8-2015T13-21-08,25.469999,27.248257,1414.0,
29-8-2015T13-21-09,25.469999,27.23912,1415.290039,
29-8-2015T13-21-10,25.469999,27.231308499999997,1415.1100465,
29-8-2015T13-21-11,25.469999,27.223497,1414.930054,
29-8-2015T13-21-12,25.469999,27.216837,1414.930054,
29-8-2015T13-21-13,25.469999,27.259941,1418.939941,
29-8-2015T13-21-14,25.469999,27.213581,1418.939941,
29-8-2015T13-21-15,25.469999,27.306107,1417.51001,
29-8-2015T13-21-16,25.469999,27.36654275,1418.337509375,
29-8-2015T13-21-17,25.469999,27.4269785,1419.16500875,
29-8-2015T13-21-18,25.469999,27.48741425,1419.9925081249999,
29-8-2015T13-21-19,25.469999,27.54785,1420.8200075,
29-8-2015T13-21-20,25.469999,27.60828575,1421.647506875,
29-8-2015T13-21-21,25.469999,27.6687215,1422.47500625,
29-8-2015T13-21-22,25.469999,27.72915725,1423.3025056249999,
29-8-2015T13-21-23,25.469999,27.789593,1424.130005,
29-8-2015T13-21-24,25.469999,27.801504,1424.130005,
29-8-2015T13-21-25,25.469999,27.820662,1422.060059,
29-8-2015T13-21-26,25.469999,27.771931,1422.060059,
29-8-2015T13-21-27,25.469999,27.708893,1420.560059,
29-8-2015T13-21-28,25.469999,27.652159,1420.560059,
29-8-2015T13-21-29,25.469999,27.601097,1420.300049,
29-8-2015T13-21-30,25.469999,27.555141,1420.300049,
29-8-2015T13-21-31,25.469999,27.417891,1420.48999,
29-8-2015T13-21-32,25.469999,27.45393,1420.48999,
29-8-2015T13-21-33,25.469999,27.466419,1420.050049,
29-8-2015T13-21-34,25.469999,27.477659,1420.050049,
29-8-2015T13-21-35,25.469999,27.487776,1422.810059,
29-8-2015T13-21-36,25.469999,27.496881,1422.810059,
29-8-2015T13-21-37,25.469999,27.604805,1422.619995,
29-8-2015T13-21-38,25.469999,27.60681,1422.619995,
29-8-2015T13-21-39,25.469999,27.606312,1423.810059,
29-8-2015T13-21-40,25.469999,27.605865,1423.810059,
29-8-2015T13-21-41,25.469999,27.605461,1421.349976,
29-8-2015T13-21-42,25.469999,27.605099,1421.349976,
29-8-2015T13-21-43,25.469999,27.541866,1420.469971,
29-8-2015T13-21-44,25.469999,27.526384,1420.469971,
29-8-2015T13-21-45,25.469999,27.512449,1419.369995,
29-8-2015T13-21-46,25.469999,27.499908,1419.369995,
29-8-2015T13-21-47,25.469999,27.488621,1419.930054,
29-8-2015T13-21-48,25.469999,27.478462,1419.930054,
29-8-2015T13-21-49,25.469999,27.517651,1421.219971,
29-8-2015T13-21-50,25.469999,27.579002,1421.219971,
29-8-2015T13-21-51,25.469999,27.714003,1419.050049,
29-8-2015T13-21-52,25.469999,27.835503,1419.050049,
29-8-2015T13-21-53,25.469999,27.944853,1419.939941,
29-8-2015T13-21-54,25.469999,28.043268,1419.939941,
29-8-2015T13-21-55,25.469999,28.091183,1424.189941,
29-8-2015T13-21-56,25.469999,28.069866,1424.189941,
29-8-2015T13-21-57,25.469999,28.023064,1425.47998,
29-8-2015T13-21-58,25.469999,27.980942,1425.47998,
29-8-2015T13-21-59,25.469999,27.943031,1423.439941,
29-8-2015T13-22-00,25.469999,27.908913,1423.439941,
29-8-2015T13-22-01,25.469999,27.856726,1423.859985,
29-8-2015T13-22-02,25.469999,27.789043,1423.859985,
29-8-2015T13-22-03,25.469999,27.824789,1423.599976,
29-8-2015T13-22-04,25.469999,27.85696,1423.599976,
29-8-2015T13-22-05,25.469999,27.885916,1414.430054,
29-8-2015T13-22-06,25.469999,27.911976,1414.430054,
29-8-2015T13-22-07,25.469999,27.989128,1414.540039,
29-8-2015T13-22-08,25.469999,28.015606,1414.540039,
29-8-2015T13-22-09,25.469999,28.00108,1419.099976,
29-8-2015T13-22-10,25.469999,27.988007,1419.099976,
29-8-2015T13-22-11,25.469999,27.97624,1415.75,
29-8-2015T13-22-12,25.469999,27.965651,1415.75,
29-8-2015T13-22-13,25.469999,27.890911,1414.849976,
29-8-2015T13-22-14,25.469999,27.925678,1414.849976,
29-8-2015T13-22-15,25.469999,27.909405,1414.589966,
29-8-2015T13-22-16,25.469999,27.894758,1414.589966,
29-8-2015T13-22-17,25.469999,27.881577,1414.73999,
29-8-2015T13-22-18,25.469999,27.869713,1414.73999,
29-8-2015T13-22-19,25.469999,27.841391,1418.650024,
29-8-2015T13-22-20,25.469999,27.814367,1418.650024,
29-8-2015T13-22-21,25.469999,27.846815,1416.670044,
29-8-2015T13-22-22,25.469999,27.876019,1416.670044,
29-8-2015T13-22-23,25.469999,27.9023,1416.170044,
29-8-2015T13-22-24,25.469999,27.925955,1416.170044,
29-8-2015T13-22-25,25.469999,28.039299,1415.939941,
29-8-2015T13-22-26,25.469999,28.111393,1415.939941,
29-8-2015T13-22-27,25.469999,28.106466,1413.23999,
29-8-2015T13-22-28,25.469999,28.102032,1413.23999,
29-8-2015T13-22-29,25.469999,28.098042,1410.209961,
29-8-2015T13-22-30,25.469999,28.09445,1410.209961,
29-8-2015T13-22-31,25.469999,28.03368,1410.72998,
29-8-2015T13-22-32,25.469999,27.968248,1410.72998,
29-8-2015T13-22-33,25.469999,27.900921,1411.550049,
29-8-2015T13-22-34,25.469999,27.840326,1411.550049,
29-8-2015T13-22-35,25.469999,27.785791,1415.02002,
29-8-2015T13-22-36,25.469999,27.73671,1415.02002,
29-8-2015T13-22-37,25.469999,27.6887,1412.119995,
29-8-2015T13-22-38,25.469999,27.699192,1412.119995,
29-8-2015T13-22-39,25.469999,27.760033,1414.150024,
29-8-2015T13-22-40,25.469999,27.814789,1414.150024,
29-8-2015T13-22-41,25.469999,27.864071,1412.699951,
29-8-2015T13-22-42,25.469999,27.908424,1412.699951,
29-8-2015T13-22-43,25.469999,27.983631,1412.959961,
29-8-2015T13-22-44,25.469999,28.0797,1412.959961,
29-8-2015T13-22-45,25.469999,28.128574,1411.969971,
29-8-2015T13-22-46,25.469999,28.17256,1411.969971,
29-8-2015T13-22-47,25.469999,28.212147,1409.069946,
29-8-2015T13-22-48,25.469999,28.247776,1409.069946,
29-8-2015T13-22-49,25.469999,28.238417,1408.869995,
29-8-2015T13-22-50,25.469999,28.081934,1408.869995,
29-8-2015T13-22-51,25.469999,28.020117,1408.689941,
29-8-2015T13-22-52,25.469999,27.964481,1408.689941,
29-8-2015T13-22-53,25.469999,27.914408,1407.550049,
29-8-2015T13-22-54,25.469999,27.869343,1407.550049,
29-8-2015T13-22-55,25.469999,27.875578,1416.890015,
29-8-2015T13-22-56,25.469999,27.93259,1416.890015,
29-8-2015T13-22-57,25.469999,27.930201,1429.540039,
29-8-2015T13-22-58,25.469999,27.928051,1429.540039,
29-8-2015T13-22-59,25.469999,27.926115,1428.390015,
29-8-2015T13-23-00,25.469999,27.924374,1428.390015,
29-8-2015T13-23-01,25.469999,27.8599,1428.819946,
29-8-2015T13-23-02,25.469999,27.780394,1428.819946,
29-8-2015T13-23-03,25.469999,27.720345,1427.569946,
29-8-2015T13-23-04,25.469999,27.6663,1427.569946,
29-8-2015T13-23-05,25.469999,27.617661,1421.079956,
29-8-2015T13-23-06,25.469999,27.573885,1421.079956,
29-8-2015T13-23-07,25.469999,27.550598,1420.380005,
29-8-2015T13-23-08,25.469999,27.487446,1420.380005,
29-8-2015T13-23-09,25.469999,27.393787,1420.689941,
29-8-2015T13-23-10,25.469999,27.309494,1420.689941,
29-8-2015T13-23-11,25.469999,27.233631,1428.800049,
29-8-2015T13-23-12,25.469999,27.165354,1428.800049,
29-8-2015T13-23-13,25.469999,27.092396,1428.51001,
29-8-2015T13-23-14,25.469999,27.268385,1428.51001,
29-8-2015T13-23-15,25.469999,27.384583,1427.219971,
29-8-2015T13-23-16,25.469999,27.489161,1427.219971,
29-8-2015T13-23-17,25.469999,27.583281,1431.930054,
29-8-2015T13-23-18,25.469999,27.667988,1431.930054,
29-8-2015T13-23-19,25.469999,27.738087,1431.300049,
29-8-2015T13-23-20,25.469999,27.569498,1431.300049,
29-8-2015T13-23-21,25.469999,27.502155,1430.800049,
29-8-2015T13-23-22,25.469999,27.441547,1430.800049,
29-8-2015T13-23-23,25.469999,27.386999,1429.97998,
29-8-2015T13-23-24,25.469999,27.337906,1429.97998,
29-8-2015T13-23-25,25.469999,27.356628,1430.810059,
29-8-2015T13-23-26,25.469999,27.3488155,1429.805054,
29-8-2015T13-23-27,25.469999,27.341003,1428.800049,
29-8-2015T13-23-28,25.469999,27.317989,1428.800049,
29-8-2015T13-23-29,25.469999,27.297276,1429.680054,
29-8-2015T13-23-30,25.469999,27.278633,1429.680054,
29-8-2015T13-23-31,25.469999,27.22043,1430.689941,
29-8-2015T13-23-32,25.469999,27.22682825,1429.062453875,
29-8-2015T13-23-33,25.469999,27.2332265,1427.43496675,
29-8-2015T13-23-34,25.469999,27.23962475,1425.807479625,
29-8-2015T13-23-35,25.469999,27.246023,1424.1799925,
29-8-2015T13-23-36,25.469999,27.25242125,1422.552505375,
29-8-2015T13-23-37,25.469999,27.2588195,1420.92501825,
29-8-2015T13-23-38,25.469999,27.26521775,1419.297531125,
29-8-2015T13-23-39,25.469999,27.271616,1417.670044,
29-8-2015T13-23-40,25.469999,27.281624,1417.670044,
29-8-2015T13-23-41,25.469999,27.29063,1421.72998,
29-8-2015T13-23-42,25.469999,27.298737,1421.72998,
29-8-2015T13-23-43,25.469999,27.240059,1422.329956,
29-8-2015T13-23-44,25.469999,27.306156,1422.329956,
29-8-2015T13-23-45,25.469999,27.247503,1419.060059,
29-8-2015T13-23-46,25.469999,27.194715,1419.060059,
29-8-2015T13-23-47,25.469999,27.147205,1418.619995,
29-8-2015T13-23-48,25.469999,27.104446,1418.619995,
29-8-2015T13-23-49,25.469999,27.10202,1417.069946,
29-8-2015T13-23-50,25.469999,27.02619,1417.069946,
29-8-2015T13-23-51,25.469999,27.030823,1415.170044,
29-8-2015T13-23-52,25.469999,27.034992,1415.170044,
29-8-2015T13-23-53,25.469999,27.038744,1419.829956,
29-8-2015T13-23-54,25.469999,27.042122,1419.829956,
29-8-2015T13-23-55,25.469999,27.026749,1417.109985,
29-8-2015T13-23-56,25.469999,27.074286,1417.109985,
29-8-2015T13-23-57,25.469999,27.096354,1416.069946,
29-8-2015T13-23-58,25.469999,27.116215,1416.069946,
29-8-2015T13-23-59,25.469999,27.13409,1422.0,
29-8-2015T13-24-00,25.469999,27.150179,1422.0,
29-8-2015T13-24-01,25.469999,27.218359,1421.660034,
29-8-2015T13-24-02,25.469999,27.340326,1421.660034,
29-8-2015T13-24-03,25.469999,27.401766,1422.969971,
29-8-2015T13-24-04,25.469999,27.457062,1422.969971,
29-8-2015T13-24-05,25.469999,27.506828,1421.22998,
29-8-2015T13-24-06,25.469999,27.551619,1421.22998,
29-8-2015T13-24-07,25.469999,27.593462,1421.469971,
29-8-2015T13-24-08,25.469999,27.510681,1421.469971,
29-8-2015T13-24-09,25.469999,27.421604,1423.22998,
29-8-2015T13-24-10,25.469999,27.341434,1423.22998,
29-8-2015T13-24-11,25.469999,27.269279,1421.310059,
29-8-2015T13-24-12,25.469999,27.204342,1421.310059,
29-8-2015T13-24-13,25.469999,27.151268,1424.98999,
29-8-2015T13-24-14,25.469999,27.11731,1424.98999,
29-8-2015T13-24-15,25.469999,27.14505,1424.699951,
29-8-2015T13-24-16,25.469999,27.170015,1424.699951,
29-8-2015T13-24-17,25.469999,27.192484,1430.280029,
29-8-2015T13-24-18,25.469999,27.212706,1430.280029,
29-8-2015T13-24-19,25.469999,27.182575,1430.189941,
29-8-2015T13-24-20,25.469999,27.185377,1430.189941,
29-8-2015T13-24-21,25.469999,27.144939,1429.719971,
29-8-2015T13-24-22,25.469999,27.108545,1429.719971,
29-8-2015T13-24-23,25.469999,27.07579,1430.380005,
29-8-2015T13-24-24,25.469999,27.04631,1430.380005,
29-8-2015T13-24-25,25.469999,27.055834,1432.189941,
29-8-2015T13-24-26,25.469999,27.000732,1432.189941,
29-8-2015T13-24-27,25.469999,26.981829,1432.390015,
29-8-2015T13-24-28,25.469999,26.964815,1432.390015,
29-8-2015T13-24-29,25.469999,26.949503,1431.089966,
29-8-2015T13-24-30,25.469999,26.935722,1431.089966,
29-8-2015T13-24-31,25.469999,26.979319,1430.790039,
29-8-2015T13-24-32,25.469999,26.983267,1430.790039,
29-8-2015T13-24-33,25.469999,26.988354,1431.209961,
29-8-2015T13-24-34,25.469999,26.992935,1433.359985,
29-8-2015T13-24-35,25.469999,26.997055,1433.359985,
29-8-2015T13-24-36,25.469999,27.000763,1431.599976,
29-8-2015T13-24-37,25.469999,26.904373,1431.599976,
29-8-2015T13-24-38,25.469999,26.921188,1430.369995,
29-8-2015T13-24-39,25.469999,26.975445,1430.369995,
29-8-2015T13-24-40,25.469999,27.024275,1424.790039,
29-8-2015T13-24-41,25.469999,27.068222,1424.790039,
29-8-2015T13-24-42,25.469999,27.107775,1425.640015,
29-8-2015T13-24-43,25.469999,27.111919,1425.640015,
29-8-2015T13-24-44,25.469999,27.118717,1425.219971,
29-8-2015T13-24-45,25.469999,27.094917,1425.219971,
29-8-2015T13-24-46,25.469999,27.073498,1425.98999,
29-8-2015T13-24-47,25.469999,27.05422,1425.98999,
29-8-2015T13-24-48,25.469999,27.036869,1424.22998,
29-8-2015T13-24-49,25.469999,27.103338,1424.22998,
29-8-2015T13-24-50,25.469999,27.213024,1424.140015,
29-8-2015T13-24-51,25.469999,27.294098,1424.140015,
29-8-2015T13-24-52,25.469999,27.367065,1424.060059,
29-8-2015T13-24-53,25.469999,27.432735,1424.060059,
29-8-2015T13-24-54,25.469999,27.491838,1424.52002,
29-8-2015T13-24-55,25.469999,27.476757,1424.52002,
29-8-2015T13-24-56,25.469999,27.349644,1424.949951,
29-8-2015T13-24-57,25.469999,27.286642,1424.949951,
29-8-2015T13-24-58,25.469999,27.22994,1424.709961,
29-8-2015T13-24-59,25.469999,27.178909,1424.709961,
29-8-2015T13-25-00,25.469999,27.13298,1426.540039,
29-8-2015T13-25-01,25.469999,27.041014,1426.540039,
29-8-2015T13-25-02,25.469999,27.05337,1420.76001,
29-8-2015T13-25-03,25.469999,26.996981,1420.76001,
29-8-2015T13-25-04,25.469999,26.94623,1422.060059,
29-8-2015T13-25-05,25.469999,26.900555,1422.060059,
29-8-2015T13-25-06,25.469999,26.859447,1428.079956,
29-8-2015T13-25-07,25.469999,26.928316,1428.079956,
29-8-2015T13-25-08,25.469999,26.945803,1426.569946,
29-8-2015T13-25-09,25.469999,26.975351,1426.569946,
29-8-2015T13-25-10,25.469999,27.001944,1422.369995,
29-8-2015T13-25-11,25.469999,27.025877,1422.369995,
29-8-2015T13-25-12,25.469999,27.047417,1423.22998,
29-8-2015T13-25-13,25.469999,27.023844,1423.22998,
29-8-2015T13-25-14,25.469999,26.963503,1416.920044,
29-8-2015T13-25-15,25.469999,27.049585,1416.920044,
29-8-2015T13-25-16,25.469999,27.127058,1416.98999,
29-8-2015T13-25-17,25.469999,27.196785,1416.98999,
29-8-2015T13-25-18,25.469999,27.259539,1413.329956,
29-8-2015T13-25-19,25.469999,27.301441,1413.329956,
29-8-2015T13-25-20,25.469999,27.293123,1416.410034,
29-8-2015T13-25-21,25.469999,27.184374,1416.410034,
29-8-2015T13-25-22,25.469999,27.0865,1416.060059,
29-8-2015T13-25-23,25.469999,26.998413,1416.060059,
29-8-2015T13-25-24,25.469999,26.919134,1418.849976,
29-8-2015T13-25-25,25.469999,26.873867,1418.849976,
29-8-2015T13-25-26,25.469999,26.945129,1418.839966,
29-8-2015T13-25-27,25.469999,27.038418,1418.839966,
29-8-2015T13-25-28,25.469999,27.122377,1420.02002,
29-8-2015T13-25-29,25.469999,27.197941,1420.02002,
29-8-2015T13-25-30,25.469999,27.265947,1420.290039,
29-8-2015T13-25-31,25.469999,27.25811,1420.290039,
29-8-2015T13-25-32,25.469999,27.283278,1421.329956,
29-8-2015T13-25-33,25.469999,27.257597,1421.329956,
29-8-2015T13-25-34,25.469999,27.234486,1417.810059,
29-8-2015T13-25-35,25.469999,27.213684,1417.810059,
29-8-2015T13-25-36,25.469999,27.194963,1417.75,
29-8-2015T13-25-37,25.469999,27.395983,1417.75,
29-8-2015T13-25-38,25.469999,27.448021,1428.22998,
29-8-2015T13-25-39,25.469999,27.48028,1428.22998,
29-8-2015T13-25-40,25.469999,27.509314,1427.800049,
29-8-2015T13-25-41,25.469999,27.535442,1427.800049,
29-8-2015T13-25-42,25.469999,27.558958,1427.689941,
29-8-2015T13-25-43,25.469999,27.386805,1427.689941,
29-8-2015T13-25-44,25.469999,27.292469,1427.27002,
29-8-2015T13-25-45,25.469999,27.25934675,1426.57876625,
29-8-2015T13-25-46,25.469999,27.2262245,1425.8875125,
29-8-2015T13-25-47,25.469999,27.193102250000003,1425.19625875,
29-8-2015T13-25-48,25.469999,27.15998,1424.505005,
29-8-2015T13-25-49,25.469999,27.12685775,1423.81375125,
29-8-2015T13-25-50,25.469999,27.0937355,1423.1224975,
29-8-2015T13-25-51,25.469999,27.060613250000003,1422.43124375,
29-8-2015T13-25-52,25.469999,27.027491,1421.73999,
29-8-2015T13-25-53,25.469999,26.975224,1421.73999,
29-8-2015T13-25-54,25.469999,26.928183,1422.569946,
29-8-2015T13-25-55,25.469999,26.875107,1422.569946,
29-8-2015T13-25-56,25.469999,27.009918,1418.349976,
29-8-2015T13-25-57,25.469999,27.03982733333333,1418.8766686666665,
29-8-2015T13-25-58,25.469999,27.069736666666667,1419.4033613333334,
29-8-2015T13-25-59,25.469999,27.099646,1419.930054,
29-8-2015T13-26-00,25.469999,27.123783,1420.329956,
29-8-2015T13-26-01,25.469999,27.213781,1420.329956,
29-8-2015T13-26-02,25.469999,27.274067,1420.219971,
29-8-2015T13-26-03,25.469999,27.312214,1420.219971,
29-8-2015T13-26-04,25.469999,27.346546,1419.23999,
29-8-2015T13-26-05,25.469999,27.377445,1419.23999,
29-8-2015T13-26-06,25.469999,27.405254,1419.02002,
29-8-2015T13-26-07,25.469999,27.405735,1419.02002,
29-8-2015T13-26-08,25.469999,27.387756,1415.280029,
29-8-2015T13-26-09,25.469999,27.299461,1415.280029,
29-8-2015T13-26-10,25.469999,27.219997,1419.930054,
29-8-2015T13-26-11,25.469999,27.148479,1419.930054,
29-8-2015T13-26-12,25.469999,27.084112,1412.650024,
29-8-2015T13-26-13,25.469999,26.999332,1412.650024,
29-8-2015T13-26-14,25.469999,26.88851,1413.079956,
29-8-2015T13-26-15,25.48,26.833263,1413.079956,
29-8-2015T13-26-16,25.48,26.783543,1414.069946,
29-8-2015T13-26-17,25.48,26.738794,1414.069946,
29-8-2015T13-26-18,25.48,26.698521,1414.699951,
29-8-2015T13-26-19,25.48,26.678383,1414.699951,
29-8-2015T13-26-20,25.48,26.634943,1415.329956,
29-8-2015T13-26-21,25.48,26.70018,1415.329956,
29-8-2015T13-26-22,25.48,26.758892,1418.209961,
29-8-2015T13-26-23,25.48,26.811733,1418.209961,
29-8-2015T13-26-24,25.48,26.859291,1417.810059,
29-8-2015T13-26-25,25.48,26.902092,1417.810059,
29-8-2015T13-26-26,25.48,27.018095,1418.869995,
29-8-2015T13-26-27,25.48,27.093346,1418.869995,
29-8-2015T13-26-28,25.48,27.161072,1418.890015,
29-8-2015T13-26-29,25.48,27.222025,1418.890015,
29-8-2015T13-26-30,25.48,27.276884,1418.52002,
29-8-2015T13-26-31,25.48,27.254911,1418.52002,
29-8-2015T13-26-32,25.48,27.140778,1419.569946,
29-8-2015T13-26-33,25.48,27.018112,1419.569946,
29-8-2015T13-26-34,25.48,26.907713,1417.97998,
29-8-2015T13-26-35,25.48,26.808355,1417.97998,
29-8-2015T13-26-36,25.48,26.718933,1417.150024,
29-8-2015T13-26-37,25.48,26.692152,1417.150024,
29-8-2015T13-26-38,25.48,26.768545,1416.410034,
29-8-2015T13-26-39,25.48,26.83423,1416.410034,
29-8-2015T13-26-40,25.48,26.893347,1416.859985,
29-8-2015T13-26-41,25.48,26.946552,1416.859985,
29-8-2015T13-26-42,25.48,26.994436,1414.839966,
29-8-2015T13-26-43,25.48,27.059013,1414.839966,
29-8-2015T13-26-44,25.48,27.184639,1415.01001,
29-8-2015T13-26-45,25.48,27.260881,1415.01001,
29-8-2015T13-26-46,25.48,27.329498,1415.719971,
29-8-2015T13-26-47,25.48,27.391254,1415.719971,
29-8-2015T13-26-48,25.48,27.446835,1416.719971,
29-8-2015T13-26-49,25.48,27.454664,1416.719971,
29-8-2015T13-26-50,25.48,27.336666,1416.0,
29-8-2015T13-26-51,25.48,27.248112,1416.0,
29-8-2015T13-26-52,25.48,27.168413,1416.48999,
29-8-2015T13-26-53,25.48,27.096684,1416.48999,
29-8-2015T13-26-54,25.469999,27.032127,1417.599976,
29-8-2015T13-26-55,25.469999,27.07836,1417.599976,
29-8-2015T13-26-56,25.469999,27.02561,1417.23999,
29-8-2015T13-26-57,25.469999,27.006517,1417.23999,
29-8-2015T13-26-58,25.469999,26.989334,1417.199951,
29-8-2015T13-26-59,25.469999,26.973869,1417.199951,
29-8-2015T13-27-00,25.469999,26.959951,1418.329956,
29-8-2015T13-27-01,25.469999,26.85767,1418.329956,
29-8-2015T13-27-02,25.48,26.967375,1417.589966,
29-8-2015T13-27-03,25.48,26.993233,1417.589966,
29-8-2015T13-27-04,25.48,27.016504,1417.26001,
29-8-2015T13-27-05,25.48,27.037449,1417.26001,
29-8-2015T13-27-06,25.48,27.056299,1422.160034,
29-8-2015T13-27-07,25.48,27.06329,1422.160034,
29-8-2015T13-27-08,25.48,26.962181,1431.290039,
29-8-2015T13-27-09,25.48,26.935623,1431.290039,
29-8-2015T13-27-10,25.48,26.91172,1429.01001,
29-8-2015T13-27-11,25.48,26.890207,1429.01001,
29-8-2015T13-27-12,25.48,26.870846,1429.369995,
29-8-2015T13-27-13,25.48,26.830406,1429.369995,
29-8-2015T13-27-14,25.48,26.790176,1428.72998,
29-8-2015T13-27-15,25.48,26.806902,1428.72998,
29-8-2015T13-27-16,25.48,26.821955,1428.050049,
29-8-2015T13-27-17,25.48,26.835503,1428.050049,
29-8-2015T13-27-18,25.48,26.847694,1423.319946,
29-8-2015T13-27-19,25.48,26.9093,1423.319946,
29-8-2015T13-27-20,25.48,26.977785,1424.030029,
29-8-2015T13-27-21,25.48,26.961176,1424.030029,
29-8-2015T13-27-22,25.48,26.946228,1423.390015,
29-8-2015T13-27-23,25.48,26.932774,1423.390015,
29-8-2015T13-27-24,25.48,26.920666,1422.199951,
29-8-2015T13-27-25,25.48,26.948124,1422.199951,
29-8-2015T13-27-26,25.48,26.975906,1421.52002,
29-8-2015T13-27-27,25.48,27.0408,1421.52002,
29-8-2015T13-27-28,25.48,27.099205,1421.76001,
29-8-2015T13-27-29,25.48,27.15177,1421.76001,
29-8-2015T13-27-30,25.48,27.199078,1420.619995,
29-8-2015T13-27-31,25.48,27.192558,1420.619995,
29-8-2015T13-27-32,25.48,27.209703,1420.26001,
29-8-2015T13-27-33,25.48,27.243547,1420.26001,
29-8-2015T13-27-34,25.48,27.274006,1419.619995,
29-8-2015T13-27-35,25.48,27.301418,1419.619995,
29-8-2015T13-27-36,25.48,27.32609,1418.849976,
29-8-2015T13-27-37,25.48,27.300734,1418.849976,
29-8-2015T13-27-38,25.48,27.271008,1417.22998,
29-8-2015T13-27-39,25.48,27.248856,1417.22998,
29-8-2015T13-27-40,25.48,27.22892,1417.589966,
29-8-2015T13-27-41,25.48,27.210978,1417.589966,
29-8-2015T13-27-42,25.48,27.19483,1414.619995,
29-8-2015T13-27-43,25.48,27.295368,1414.619995,
29-8-2015T13-27-44,25.48,27.47484,1408.72998,
29-8-2015T13-27-45,25.48,27.5819,1408.72998,
29-8-2015T13-27-46,25.48,27.678253,1410.540039,
29-8-2015T13-27-47,25.48,27.764971,1410.540039,
29-8-2015T13-27-48,25.48,27.843018,1413.02002,
29-8-2015T13-27-49,25.48,27.858025,1413.02002,
29-8-2015T13-27-50,25.48,27.832405,1418.329956,
29-8-2015T13-27-51,25.48,27.843103,1418.329956,
29-8-2015T13-27-52,25.48,27.852732,1417.51001,
29-8-2015T13-27-53,25.48,27.861397,1417.51001,
29-8-2015T13-27-54,25.48,27.869196,1417.72998,
29-8-2015T13-27-55,25.48,27.946024,1417.72998,
29-8-2015T13-27-56,25.48,27.942291,1417.880005,
29-8-2015T13-27-57,25.48,27.945837,1417.880005,
29-8-2015T13-27-58,25.48,27.949028,1416.339966,
29-8-2015T13-27-59,25.48,27.9519,1416.339966,
29-8-2015T13-28-00,25.48,27.954485,1416.849976,
29-8-2015T13-28-01,25.48,27.933778285714283,1416.0499794285713,
29-8-2015T13-28-02,25.48,27.91307157142857,1415.2499828571429,
29-8-2015T13-28-03,25.48,27.892364857142855,1414.4499862857142,
29-8-2015T13-28-04,25.48,27.871658142857143,1413.6499897142858,
29-8-2015T13-28-05,25.48,27.850951428571427,1412.849993142857,
29-8-2015T13-28-06,25.48,27.830244714285715,1412.0499965714287,
29-8-2015T13-28-07,25.48,27.809538,1411.25,
29-8-2015T13-28-08,25.48,27.81485,1410.910034,
29-8-2015T13-28-09,25.48,27.755959,1410.910034,
29-8-2015T13-28-10,25.48,27.702957,1410.189941,
29-8-2015T13-28-11,25.48,27.655256,1410.189941,
29-8-2015T13-28-12,25.48,27.600284000000002,1410.592468,
29-8-2015T13-28-13,25.48,27.545312000000003,1410.994995,
29-8-2015T13-28-14,25.48,27.49034,1411.397522,
29-8-2015T13-28-15,25.48,27.435368,1411.800049,
29-8-2015T13-28-16,25.48,27.376835,1409.400024,
29-8-2015T13-28-17,25.48,27.324156,1409.400024,
29-8-2015T13-28-18,25.48,27.276745,1409.380005,
29-8-2015T13-28-19,25.48,27.287008,1409.380005,
29-8-2015T13-28-20,25.48,27.211859,1405.930054,
29-8-2015T13-28-21,25.48,27.184116,1405.930054,
29-8-2015T13-28-22,25.48,27.159147,1406.52002,
29-8-2015T13-28-23,25.48,27.136675,1406.52002,
29-8-2015T13-28-24,25.48,27.116449,1409.469971,
29-8-2015T13-28-25,25.48,27.082138,1409.469971,
29-8-2015T13-28-26,25.48,27.107258,1409.449951,
29-8-2015T13-28-27,25.48,27.222691,1409.449951,
29-8-2015T13-28-28,25.48,27.32658,1408.609985,
29-8-2015T13-28-29,25.48,27.42008,1408.609985,
29-8-2015T13-28-30,25.48,27.50423,1407.959961,
29-8-2015T13-28-31,25.48,27.507088,1407.959961,
29-8-2015T13-28-32,25.48,27.525002,1405.880005,
29-8-2015T13-28-33,25.48,27.435259,1405.880005,
29-8-2015T13-28-34,25.48,27.35449,1412.73999,
29-8-2015T13-28-35,25.48,27.281799,1412.73999,
29-8-2015T13-28-36,25.48,27.216377,1411.859985,
29-8-2015T13-28-37,25.48,27.231909,1411.859985,
29-8-2015T13-28-38,25.48,27.20216,1414.339966,
29-8-2015T13-28-39,25.48,27.188427,1414.339966,
29-8-2015T13-28-40,25.48,27.176067,1415.26001,
29-8-2015T13-28-41,25.48,27.164944,1415.26001,
29-8-2015T13-28-42,25.48,27.154932,1416.630005,
29-8-2015T13-28-43,25.48,27.117538,1416.630005,
29-8-2015T13-28-44,25.48,27.076981,1416.27002,
29-8-2015T13-28-45,25.48,27.059656,1416.27002,
29-8-2015T13-28-46,25.48,27.044064,1415.329956,
29-8-2015T13-28-47,25.48,27.030031,1415.329956,
29-8-2015T13-28-48,25.48,27.017403,1412.939941,
29-8-2015T13-28-49,25.48,27.063572,1412.939941,
29-8-2015T13-28-50,25.48,27.068302,1414.150024,
29-8-2015T13-28-51,25.48,27.039572,1414.150024,
29-8-2015T13-28-52,25.48,27.013714,1416.569946,
29-8-2015T13-28-53,25.48,26.990442,1416.569946,
29-8-2015T13-28-54,25.48,26.969498,1416.369995,
29-8-2015T13-28-55,25.48,26.870096,1416.369995,
29-8-2015T13-28-56,25.48,26.884201,1418.859985,
29-8-2015T13-28-57,25.48,26.869278,1418.859985,
29-8-2015T13-28-58,25.48,26.855846,1418.77002,
29-8-2015T13-28-59,25.48,26.843758,1418.77002,
29-8-2015T13-29-00,25.48,26.832878,1418.280029,
29-8-2015T13-29-01,25.48,26.789333,1418.280029,
29-8-2015T13-29-02,25.48,26.730963,1417.050049,
29-8-2015T13-29-03,25.48,26.696074,1417.050049,
29-8-2015T13-29-04,25.48,26.664675,1412.670044,
29-8-2015T13-29-05,25.48,26.636415,1412.670044,
29-8-2015T13-29-06,25.48,26.610981,1412.709961,
29-8-2015T13-29-07,25.48,26.620312,1412.709961,
29-8-2015T13-29-08,25.48,26.633312,1412.449951,
29-8-2015T13-29-09,25.48,26.630436,1412.449951,
29-8-2015T13-29-10,25.48,26.627848,1412.109985,
29-8-2015T13-29-11,25.48,26.625519,1412.109985,
29-8-2015T13-29-12,25.48,26.623423,1411.109985,
29-8-2015T13-29-13,25.48,26.595453,1411.109985,
29-8-2015T13-29-14,25.48,26.644693,1400.300049,
29-8-2015T13-29-15,25.48,26.722763,1400.300049,
29-8-2015T13-29-16,25.48,26.793026,1398.949951,
29-8-2015T13-29-17,25.48,26.856262,1398.949951,
29-8-2015T13-29-18,25.48,26.913176,1399.969971,
29-8-2015T13-29-19,25.48,27.044949,1399.969971,
29-8-2015T13-29-20,25.48,27.086061,1394.25,
29-8-2015T13-29-21,25.48,27.111557,1394.25,
29-8-2015T13-29-22,25.48,27.134502,1401.359985,
29-8-2015T13-29-23,25.48,27.155153,1401.359985,
29-8-2015T13-29-24,25.48,27.17374,1399.949951,
29-8-2015T13-29-25,25.48,27.168987,1399.949951,
29-8-2015T13-29-26,25.48,27.17775,1402.01001,
29-8-2015T13-29-27,25.48,27.215555,1402.01001,
29-8-2015T13-29-28,25.48,27.24958,1398.670044,
29-8-2015T13-29-29,25.48,27.280203,1398.670044,
29-8-2015T13-29-30,25.48,27.307762,1398.280029,
29-8-2015T13-29-31,25.48,27.317989,1398.280029,
29-8-2015T13-29-32,25.48,27.303413,1403.890015,
29-8-2015T13-29-33,25.48,27.316378,1403.890015,
29-8-2015T13-29-34,25.48,27.328047,1403.420044,
29-8-2015T13-29-35,25.48,27.338549,1403.420044,
29-8-2015T13-29-36,25.48,27.348,1406.170044,
29-8-2015T13-29-37,25.48,27.389494,1406.170044,
29-8-2015T13-29-38,25.48,27.361629,1401.560059,
29-8-2015T13-29-39,25.48,27.338087,1401.560059,
29-8-2015T13-29-40,25.48,27.3169,1400.819946,
29-8-2015T13-29-41,25.48,27.297831,1400.819946,
29-8-2015T13-29-42,25.48,27.280668,1401.319946,
29-8-2015T13-29-43,25.48,27.239906,1401.319946,
29-8-2015T13-29-44,25.48,27.255386,1401.77002,
29-8-2015T13-29-45,25.48,27.267784,1401.77002,
29-8-2015T13-29-46,25.48,27.278942,1401.800049,
29-8-2015T13-29-47,25.48,27.288984,1401.800049,
29-8-2015T13-29-48,25.48,27.298023,1400.790039,
29-8-2015T13-29-49,25.48,27.248621,1400.790039,
29-8-2015T13-29-50,25.48,27.226406,1401.47998,
29-8-2015T13-29-51,25.48,27.162687,1401.47998,
29-8-2015T13-29-52,25.48,27.105341,1402.439941,
29-8-2015T13-29-53,25.48,27.053728,1402.439941,
29-8-2015T13-29-54,25.48,27.007277,1401.780029,
29-8-2015T13-29-55,25.48,26.973143,1401.780029,
29-8-2015T13-29-56,25.48,26.950092,1401.219971,
29-8-2015T13-29-57,25.48,26.88562,1401.219971,
29-8-2015T13-29-58,25.48,26.827595,1402.140015,
29-8-2015T13-29-59,25.48,26.775372,1402.140015,
29-8-2015T13-30-00,25.48,26.728371,1399.77002,
29-8-2015T13-30-01,25.48,26.671494,1399.77002,
29-8-2015T13-30-02,25.48,26.605728,1400.099976,
29-8-2015T13-30-03,25.48,26.558046,1400.099976,
29-8-2015T13-30-04,25.48,26.515133,1405.709961,
29-8-2015T13-30-05,25.48,26.476511,1405.709961,
29-8-2015T13-30-06,25.48,26.441751,1406.069946,
29-8-2015T13-30-07,25.48,26.418907,1406.069946,
29-8-2015T13-30-08,25.48,26.389141,1405.550049,
29-8-2015T13-30-09,25.48,26.39534,1405.550049,
29-8-2015T13-30-10,25.48,26.400919,1407.0,
29-8-2015T13-30-11,25.48,26.405939,1407.0,
29-8-2015T13-30-12,25.48,26.410458,1404.819946,
29-8-2015T13-30-13,25.48,26.353153,1404.819946,
29-8-2015T13-30-14,25.48,26.392101,1408.640015,
29-8-2015T13-30-15,25.48,26.398003,1408.640015,
29-8-2015T13-30-16,25.48,26.4030495,1408.640015,
29-8-2015T13-30-17,25.48,26.408096,1408.640015,
29-8-2015T13-30-18,25.48,26.412399,1407.550049,
29-8-2015T13-30-19,25.48,26.444656,1407.550049,
29-8-2015T13-30-20,25.48,26.426891,1408.430054,
29-8-2015T13-30-21,25.48,26.501425,1408.430054,
29-8-2015T13-30-22,25.48,26.5201895,1407.087539875,
29-8-2015T13-30-23,25.48,26.538954,1405.74502575,
29-8-2015T13-30-24,25.48,26.5577185,1404.402511625,
29-8-2015T13-30-25,25.48,26.576483000000003,1403.0599975,
29-8-2015T13-30-26,25.48,26.595247500000003,1401.717483375,
29-8-2015T13-30-27,25.48,26.614012000000002,1400.37496925,
29-8-2015T13-30-28,25.48,26.632776500000002,1399.032455125,
29-8-2015T13-30-29,25.48,26.651541,1397.689941,
29-8-2015T13-30-30,25.469999,26.610018,1397.449951,
29-8-2015T13-30-31,25.469999,26.613306,1397.449951,
29-8-2015T13-30-32,25.469999,26.742846,1396.72998,
29-8-2015T13-30-33,25.469999,26.863266,1396.72998,
29-8-2015T13-30-34,25.469999,26.971645,1405.339966,
29-8-2015T13-30-35,25.469999,27.069187,1405.339966,
29-8-2015T13-30-36,25.469999,27.156975,1404.390015,
29-8-2015T13-30-37,25.469999,27.167707,1404.390015,
29-8-2015T13-30-38,25.469999,27.121365,1398.650024,
29-8-2015T13-30-39,25.469999,27.055107,1398.650024,
29-8-2015T13-30-40,25.469999,26.995476,1398.72998,
29-8-2015T13-30-41,25.469999,26.941807,1398.72998,
29-8-2015T13-30-42,25.469999,26.893505,1395.630005,
29-8-2015T13-30-43,25.469999,26.867678,1395.630005,
29-8-2015T13-30-44,25.469999,26.77309,1395.530029,
29-8-2015T13-30-45,25.469999,26.743195,1395.530029,
29-8-2015T13-30-46,25.469999,26.71629,1400.27002,
29-8-2015T13-30-47,25.469999,26.692074,1400.27002,
29-8-2015T13-30-48,25.469999,26.67028,1405.209961,
29-8-2015T13-30-49,25.469999,26.689791,1405.209961,
29-8-2015T13-30-50,25.469999,26.874588,1402.650024,
29-8-2015T13-30-51,25.469999,27.01252,1402.650024,
29-8-2015T13-30-52,25.469999,27.13666,1402.810059,
29-8-2015T13-30-53,25.469999,27.248384,1402.810059,
29-8-2015T13-30-54,25.469999,27.348938,1403.680054,
29-8-2015T13-30-55,25.469999,27.439436,1403.680054,
29-8-2015T13-30-56,25.469999,27.310686,1403.0,
29-8-2015T13-30-57,25.469999,27.221661,1403.0,
29-8-2015T13-30-58,25.469999,27.141539,1403.430054,
29-8-2015T13-30-59,25.469999,27.069427,1403.430054,
29-8-2015T13-31-00,25.469999,27.004528,1403.329956,
29-8-2015T13-31-01,25.469999,27.003654,1403.329956,
29-8-2015T13-31-02,25.469999,27.019745,1402.439941,
29-8-2015T13-31-03,25.469999,27.079489,1402.439941,
29-8-2015T13-31-04,25.469999,27.133259,1401.930054,
29-8-2015T13-31-05,25.469999,27.18165,1401.930054,
29-8-2015T13-31-06,25.469999,27.225203,1401.280029,
29-8-2015T13-31-07,25.469999,27.221439,1401.280029,
29-8-2015T13-31-08,25.469999,27.290932,1401.670044,
29-8-2015T13-31-09,25.469999,27.356544,1401.670044,
29-8-2015T13-31-10,25.469999,27.415596,1402.050049,
29-8-2015T13-31-11,25.469999,27.468742,1402.050049,
29-8-2015T13-31-12,25.469999,27.516573,1403.339966,
29-8-2015T13-31-13,25.469999,27.549648,1403.339966,
29-8-2015T13-31-14,25.469999,27.561771,1402.699951,
29-8-2015T13-31-15,25.469999,27.520515,1402.699951,
29-8-2015T13-31-16,25.469999,27.483385,1404.290039,
29-8-2015T13-31-17,25.469999,27.449968,1404.290039,
29-8-2015T13-31-18,25.469999,27.419893,1404.51001,
29-8-2015T13-31-19,25.469999,27.362909,1404.51001,
29-8-2015T13-31-20,25.469999,27.36072,1405.189941,
29-8-2015T13-31-21,25.469999,27.238308,1405.189941,
29-8-2015T13-31-22,25.469999,27.128138,1401.530029,
29-8-2015T13-31-23,25.469999,27.028984,1401.530029,
29-8-2015T13-31-24,25.469999,26.939745,1405.079956,
29-8-2015T13-31-25,25.469999,26.874773,1405.079956,
29-8-2015T13-31-26,25.469999,26.77564,1405.180054,
29-8-2015T13-31-27,25.469999,26.846752,1405.180054,
29-8-2015T13-31-28,25.469999,26.910755,1404.0,
29-8-2015T13-31-29,25.469999,26.968357,1404.0,
29-8-2015T13-31-30,25.469999,27.020199,1407.680054,
29-8-2015T13-31-31,25.469999,27.119022,1407.680054,
29-8-2015T13-31-32,25.469999,27.115139,1407.319946,
29-8-2015T13-31-33,25.469999,27.080956,1407.319946,
29-8-2015T13-31-34,25.469999,27.050194,1407.300049,
29-8-2015T13-31-35,25.469999,27.022507,1407.300049,
29-8-2015T13-31-36,25.469999,26.997589,1404.099976,
29-8-2015T13-31-37,25.469999,26.962887,1404.099976,
29-8-2015T13-31-38,25.469999,27.019112,1404.25,
29-8-2015T13-31-39,25.469999,27.114975,1404.25,
29-8-2015T13-31-40,25.469999,27.201252,1404.900024,
29-8-2015T13-31-41,25.469999,27.278902,1404.900024,
29-8-2015T13-31-42,25.469999,27.348787,1404.199951,
29-8-2015T13-31-43,25.469999,27.29431,1404.199951,
29-8-2015T13-31-44,25.469999,27.357283,1404.099976,
29-8-2015T13-31-45,25.469999,27.262064,1404.099976,
29-8-2015T13-31-46,25.469999,27.176367,1402.150024,
29-8-2015T13-31-47,25.469999,27.099239,1402.150024,
29-8-2015T13-31-48,25.469999,27.029825,1402.390015,
29-8-2015T13-31-49,25.469999,27.07782,1402.390015,
29-8-2015T13-31-50,25.469999,27.07729,1401.349976,
29-8-2015T13-31-51,25.469999,27.158129,1401.349976,
29-8-2015T13-31-52,25.469999,27.230885,1397.619995,
29-8-2015T13-31-53,25.469999,27.296364,1397.619995,
29-8-2015T13-31-54,25.469999,27.355295,1397.27002,
29-8-2015T13-31-55,25.469999,27.349262,1397.27002,
29-8-2015T13-31-56,25.469999,27.271723,1396.140015,
29-8-2015T13-31-57,25.469999,27.133661,1396.140015,
29-8-2015T13-31-58,25.469999,27.009405,1395.680054,
29-8-2015T13-31-59,25.469999,26.897575,1395.680054,
29-8-2015T13-32-00,25.469999,26.796928,1396.439941,
29-8-2015T13-32-01,25.469999,26.750074,1396.439941,
29-8-2015T13-32-02,25.469999,26.704069,1395.969971,
29-8-2015T13-32-03,25.469999,26.766228,1395.969971,
29-8-2015T13-32-04,25.469999,26.82217,1392.310059,
29-8-2015T13-32-05,25.469999,26.872519,1392.310059,
29-8-2015T13-32-06,25.469999,26.917833,1390.160034,
29-8-2015T13-32-07,25.469999,26.861189,1390.160034,
29-8-2015T13-32-08,25.469999,26.860075,1394.130005,
29-8-2015T13-32-09,25.469999,26.795399,1394.130005,
29-8-2015T13-32-10,25.469999,26.73719,1398.099976,
29-8-2015T13-32-11,25.469999,26.684803,1398.099976,
29-8-2015T13-32-12,25.469999,26.637653,1399.030029,
29-8-2015T13-32-13,25.469999,26.523106,1399.030029,
29-8-2015T13-32-14,25.469999,26.456837,1398.579956,
29-8-2015T13-32-15,25.469999,26.427879,1398.579956,
29-8-2015T13-32-16,25.469999,26.401819,1399.52002,
29-8-2015T13-32-17,25.469999,26.378365,1399.52002,
29-8-2015T13-32-18,25.469999,26.357256,1401.829956,
29-8-2015T13-32-19,25.469999,26.47711,1401.829956,
29-8-2015T13-32-20,25.469999,26.497526,1400.630005,
29-8-2015T13-32-21,25.469999,26.51053,1400.630005,
29-8-2015T13-32-22,25.469999,26.522234,1400.050049,
29-8-2015T13-32-23,25.469999,26.532768,1400.050049,
29-8-2015T13-32-24,25.469999,26.542248,1400.449951,
29-8-2015T13-32-25,25.469999,26.494778,1400.449951,
29-8-2015T13-32-26,25.469999,26.491179,1402.329956,
29-8-2015T13-32-27,25.469999,26.457254,1402.329956,
29-8-2015T13-32-28,25.469999,26.426723,1403.25,
29-8-2015T13-32-29,25.469999,26.399244,1403.25,
29-8-2015T13-32-30,25.469999,26.374514,1403.069946,
29-8-2015T13-32-31,25.469999,26.418232,1403.069946,
29-8-2015T13-32-32,25.469999,26.456798499999998,1400.779968,
29-8-2015T13-32-33,25.469999,26.495365,1398.48999,
29-8-2015T13-32-34,25.469999,26.550777,1401.23999,
29-8-2015T13-32-35,25.469999,26.600649,1401.23999,
29-8-2015T13-32-36,25.469999,26.645535,1401.73999,
29-8-2015T13-32-37,25.469999,26.630695,1401.73999,
29-8-2015T13-32-38,25.469999,26.673617999999998,1402.41874675,
29-8-2015T13-32-39,25.469999,26.716541,1403.0975035000001,
29-8-2015T13-32-40,25.469999,26.759464,1403.77626025,
29-8-2015T13-32-41,25.469999,26.802387,1404.455017,
29-8-2015T13-32-42,25.469999,26.845309999999998,1405.13377375,
29-8-2015T13-32-43,25.469999,26.888233,1405.8125304999999,
29-8-2015T13-32-44,25.469999,26.931156,1406.49128725,
29-8-2015T13-32-45,25.469999,26.974079,1407.170044,
29-8-2015T13-32-46,25.469999,26.977785,1403.47998,
29-8-2015T13-32-47,25.469999,26.981121,1403.47998,
29-8-2015T13-32-48,25.469999,26.984123,1402.47998,
29-8-2015T13-32-49,25.469999,26.971481,1402.47998,
29-8-2015T13-32-50,25.469999,27.02301,1402.48999,
29-8-2015T13-32-51,25.469999,27.000343,1402.48999,
29-8-2015T13-32-52,25.469999,26.979942,1397.23999,
29-8-2015T13-32-53,25.469999,26.961582,1397.23999,
29-8-2015T13-32-54,25.469999,26.945057,1395.859985,
29-8-2015T13-32-55,25.469999,26.960104,1395.859985,
29-8-2015T13-32-56,25.469999,26.939125,1388.410034,
29-8-2015T13-32-57,25.469999,27.010767,1388.410034,
29-8-2015T13-32-58,25.469999,27.075245,1386.72998,
29-8-2015T13-32-59,25.469999,27.133274,1386.72998,
29-8-2015T13-33-00,25.469999,27.185501,1387.77002,
29-8-2015T13-33-01,25.469999,27.188009,1387.77002,
29-8-2015T13-33-02,25.469999,27.209446,1397.699951,
29-8-2015T13-33-03,25.469999,27.165833,1397.699951,
29-8-2015T13-33-04,25.469999,27.126583,1403.27002,
29-8-2015T13-33-05,25.469999,27.091255,1403.27002,
29-8-2015T13-33-06,25.469999,27.059464,1402.01001,
29-8-2015T13-33-07,25.469999,27.102961,1402.01001,
29-8-2015T13-33-08,25.469999,27.058489,1404.140015,
29-8-2015T13-33-09,25.469999,27.069864,1404.140015,
29-8-2015T13-33-10,25.469999,27.080101,1398.359985,
29-8-2015T13-33-11,25.469999,27.089314,1398.359985,
29-8-2015T13-33-12,25.469999,27.097605,1399.339966,
29-8-2015T13-33-13,25.469999,27.101233,1399.339966,
29-8-2015T13-33-14,25.469999,27.17124,1395.680054,
29-8-2015T13-33-15,25.469999,27.185915,1395.680054,
29-8-2015T13-33-16,25.469999,27.199123,1394.829956,
29-8-2015T13-33-17,25.469999,27.21101,1394.829956,
29-8-2015T13-33-18,25.469999,27.221708,1395.73999,
29-8-2015T13-33-19,25.469999,27.334902,1395.73999,
29-8-2015T13-33-20,25.469999,27.374638,1392.719971,
29-8-2015T13-33-21,25.469999,27.385082,1392.719971,
29-8-2015T13-33-22,25.469999,27.394484,1393.160034,
29-8-2015T13-33-23,25.469999,27.402945,1393.160034,
29-8-2015T13-33-24,25.469999,27.410559,1392.550049,
29-8-2015T13-33-25,25.469999,27.225626,1392.550049,
29-8-2015T13-33-26,25.469999,27.156614,1391.420044,
29-8-2015T13-33-27,25.469999,27.096039,1391.420044,
29-8-2015T13-33-28,25.469999,27.041521,1381.630005,
29-8-2015T13-33-29,25.469999,26.992455,1381.630005,
29-8-2015T13-33-30,25.469999,26.948296,1380.859985,
29-8-2015T13-33-31,25.469999,26.918524,1380.859985,
29-8-2015T13-33-32,25.469999,26.834961,1379.569946,
29-8-2015T13-33-33,25.469999,26.923157,1379.569946,
29-8-2015T13-33-34,25.469999,27.002533,1382.97998,
29-8-2015T13-33-35,25.469999,27.073971,1382.97998,
29-8-2015T13-33-36,25.469999,27.138266,1384.27002,
29-8-2015T13-33-37,25.469999,27.223747,1384.27002,
29-8-2015T13-33-38,25.469999,27.309118,1383.449951,
29-8-2015T13-33-39,25.469999,27.403597,1383.449951,
29-8-2015T13-33-40,25.469999,27.488628,1383.369995,
29-8-2015T13-33-41,25.469999,27.565157,1383.369995,
29-8-2015T13-33-42,25.469999,27.634033,1382.319946,
29-8-2015T13-33-43,25.469999,27.728241,1382.319946,
29-8-2015T13-33-44,25.469999,27.863659,1379.579956,
29-8-2015T13-33-45,25.469999,27.860491,1379.579956,
29-8-2015T13-33-46,25.469999,27.857641,1378.5,
29-8-2015T13-33-47,25.469999,27.855076,1378.5,
29-8-2015T13-33-48,25.469999,27.852766,1379.170044,
29-8-2015T13-33-49,25.469999,27.800056,1379.170044,
29-8-2015T13-33-50,25.469999,27.850044,1378.939941,
29-8-2015T13-33-51,25.469999,27.947966,1378.939941,
29-8-2015T13-33-52,25.469999,28.036095,1382.930054,
29-8-2015T13-33-53,25.469999,28.115412,1382.930054,
29-8-2015T13-33-54,25.469999,28.186796,1385.76001,
29-8-2015T13-33-55,25.469999,28.17663,1385.76001,
29-8-2015T13-33-56,25.469999,28.02556,1387.449951,
29-8-2015T13-33-57,25.469999,27.921816,1387.449951,
29-8-2015T13-33-58,25.469999,27.828445,1386.819946,
29-8-2015T13-33-59,25.469999,27.744413,1386.819946,
29-8-2015T13-34-00,25.469999,27.668783,1386.52002,
29-8-2015T13-34-01,25.469999,27.679733,1386.52002,
29-8-2015T13-34-02,25.469999,27.712601,1379.150024,
29-8-2015T13-34-03,25.469999,27.620207,1379.150024,
29-8-2015T13-34-04,25.469999,27.537052,1380.01001,
29-8-2015T13-34-05,25.469999,27.462214,1380.01001,
29-8-2015T13-34-06,25.469999,27.394859,1382.800049,
29-8-2015T13-34-07,25.469999,27.346514,1382.800049,
29-8-2015T13-34-08,25.469999,27.299934,1383.439941,
29-8-2015T13-34-09,25.469999,27.176697,1383.439941,
29-8-2015T13-34-10,25.469999,27.065783,1385.26001,
29-8-2015T13-34-11,25.469999,26.96596,1385.26001,
29-8-2015T13-34-12,25.469999,26.87612,1391.930054,
29-8-2015T13-34-13,25.469999,26.851265,1391.930054,
29-8-2015T13-34-14,25.469999,26.740673,1396.439941,
29-8-2015T13-34-15,25.469999,26.752377,1396.439941,
29-8-2015T13-34-16,25.469999,26.762911,1397.48999,
29-8-2015T13-34-17,25.469999,26.77239,1397.48999,
29-8-2015T13-34-18,25.469999,26.780922,1396.449951,
29-8-2015T13-34-19,25.469999,26.769423,1396.449951,
29-8-2015T13-34-20,25.469999,26.834253,1398.77002,
29-8-2015T13-34-21,25.469999,26.929424,1398.77002,
29-8-2015T13-34-22,25.469999,27.015076,1396.569946,
29-8-2015T13-34-23,25.469999,27.092163,1396.569946,
29-8-2015T13-34-24,25.469999,27.161541,1388.449951,
29-8-2015T13-34-25,25.469999,27.219379,1388.449951,
29-8-2015T13-34-26,25.469999,27.276804,1389.369995,
29-8-2015T13-34-27,25.469999,27.303171,1389.369995,
29-8-2015T13-34-28,25.469999,27.3269,1385.01001,
29-8-2015T13-34-29,25.469999,27.348257,1385.01001,
29-8-2015T13-34-30,25.469999,27.367477,1386.170044,
29-8-2015T13-34-31,25.469999,27.307295,1386.170044,
29-8-2015T13-34-32,25.469999,27.322941,1385.849976,
29-8-2015T13-34-33,25.469999,27.307104,1385.849976,
29-8-2015T13-34-34,25.469999,27.29285,1386.800049,
29-8-2015T13-34-35,25.469999,27.280022,1386.800049,
29-8-2015T13-34-36,25.469999,27.268476,1392.650024,
29-8-2015T13-34-37,25.469999,27.295675,1392.650024,
29-8-2015T13-34-38,25.469999,27.281797,1382.339966,
29-8-2015T13-34-39,25.469999,27.251663,1382.339966,
29-8-2015T13-34-40,25.469999,27.224543,1383.280029,
29-8-2015T13-34-41,25.469999,27.200134,1383.280029,
29-8-2015T13-34-42,25.469999,27.178165,1386.310059,
29-8-2015T13-34-43,25.469999,27.166065,1386.310059,
29-8-2015T13-34-44,25.469999,27.104544,1388.209961,
29-8-2015T13-34-45,25.469999,27.097504,1388.209961,
29-8-2015T13-34-46,25.469999,27.091167,1388.579956,
29-8-2015T13-34-47,25.469999,27.09829033333333,1389.3366293333333,
29-8-2015T13-34-48,25.469999,27.105413666666667,1390.0933026666667,
29-8-2015T13-34-49,25.469999,27.112537,1390.849976,
29-8-2015T13-34-50,25.469999,27.118507,1393.01001,
29-8-2015T13-34-51,25.469999,27.1001,1393.01001,
29-8-2015T13-34-52,25.469999,27.083532,1392.530029,
29-8-2015T13-34-53,25.469999,27.068623,1392.530029,
29-8-2015T13-34-54,25.469999,27.0689068,1392.758032,
29-8-2015T13-34-55,25.469999,27.0691906,1392.986035,
29-8-2015T13-34-56,25.469999,27.0694744,1393.214038,
29-8-2015T13-34-57,25.469999,27.0697582,1393.442041,
29-8-2015T13-34-58,25.469999,27.070042,1393.670044,
29-8-2015T13-34-59,25.469999,27.051876,1393.670044,
29-8-2015T13-35-00,25.469999,27.035526,1392.689941,
29-8-2015T13-35-01,25.469999,26.933357,1392.689941,
29-8-2015T13-35-02,25.469999,26.809187,1393.72998,
29-8-2015T13-35-03,25.469999,26.733552500000002,1393.254974,
29-8-2015T13-35-04,25.469999,26.657918000000002,1392.779968,
29-8-2015T13-35-05,25.469999,26.5822835,1392.3049620000002,
29-8-2015T13-35-06,25.469999,26.506649,1391.829956,
29-8-2015T13-35-07,25.469999,26.522577,1391.829956,
29-8-2015T13-35-08,25.469999,26.609791,1391.790039,
29-8-2015T13-35-09,25.469999,26.747353,1391.790039,
29-8-2015T13-35-10,25.469999,26.871159,1391.359985,
29-8-2015T13-35-11,25.469999,26.982584,1391.359985,
29-8-2015T13-35-12,25.469999,27.082867,1391.819946,
29-8-2015T13-35-13,25.469999,27.226053,1391.819946,
29-8-2015T13-35-14,25.469999,27.269001,1393.060059,
29-8-2015T13-35-15,25.469999,27.206392,1393.060059,
29-8-2015T13-35-16,25.469999,27.150043,1394.150024,
29-8-2015T13-35-17,25.469999,27.099329,1394.150024,
29-8-2015T13-35-18,25.469999,27.053686,1393.97998,
29-8-2015T13-35-19,25.469999,26.872988,1393.97998,
29-8-2015T13-35-20,25.469999,26.770964,1381.390015,
29-8-2015T13-35-21,25.469999,26.74972,1381.390015,
29-8-2015T13-35-22,25.469999,26.7306,1382.48999,
29-8-2015T13-35-23,25.469999,26.713392,1382.48999,
29-8-2015T13-35-24,25.469999,26.697906,1384.75,
29-8-2015T13-35-25,25.469999,26.749941,1384.75,
29-8-2015T13-35-26,25.469999,26.744606,1384.22998,
29-8-2015T13-35-27,25.469999,26.831863,1384.22998,
29-8-2015T13-35-28,25.469999,26.910395,1377.030029,
29-8-2015T13-35-29,25.469999,26.981073,1377.030029,
29-8-2015T13-35-30,25.469999,27.044683,1376.560059,
29-8-2015T13-35-31,25.469999,27.093494,1376.560059,
29-8-2015T13-35-32,25.469999,27.076052,1378.949951,
29-8-2015T13-35-33,25.469999,26.995148,1378.949951,
29-8-2015T13-35-34,25.469999,26.922333,1379.180054,
29-8-2015T13-35-35,25.469999,26.8568,1379.180054,
29-8-2015T13-35-36,25.469999,26.797821,1389.02002,
29-8-2015T13-35-37,25.469999,26.57827,1389.02002,
29-8-2015T13-35-38,25.469999,26.46199,1387.310059,
29-8-2015T13-35-39,25.469999,26.451698,1387.310059,
29-8-2015T13-35-40,25.469999,26.442436,1384.77002,
29-8-2015T13-35-41,25.469999,26.434099,1384.77002,
29-8-2015T13-35-42,25.469999,26.426598,1385.5,
29-8-2015T13-35-43,25.469999,26.554094,1385.5,
29-8-2015T13-35-44,25.469999,26.730213,1386.439941,
29-8-2015T13-35-45,25.469999,26.729155,1386.439941,
29-8-2015T13-35-46,25.469999,26.728201,1385.52002,
29-8-2015T13-35-47,25.469999,26.727343,1385.52002,
29-8-2015T13-35-48,25.469999,26.72657,1385.880005,
29-8-2015T13-35-49,25.469999,26.814865,1385.880005,
29-8-2015T13-35-50,25.469999,26.822216,1385.160034,
29-8-2015T13-35-51,25.469999,26.871794,1385.160034,
29-8-2015T13-35-52,25.469999,26.916414,1384.939941,
29-8-2015T13-35-53,25.469999,26.956572,1384.939941,
29-8-2015T13-35-54,25.469999,26.992714,1381.75,
29-8-2015T13-35-55,25.469999,26.984583,1381.75,
29-8-2015T13-35-56,25.469999,26.947346,1381.5,
29-8-2015T13-35-57,25.469999,26.896189,1381.5,
29-8-2015T13-35-58,25.469999,26.850147,1383.72998,
29-8-2015T13-35-59,25.469999,26.80871,1383.72998,
29-8-2015T13-36-00,25.469999,26.771416,1383.859985,
29-8-2015T13-36-01,25.469999,26.73785,1383.859985,
29-8-2015T13-36-02,25.469999,26.693834,1383.219971,
29-8-2015T13-36-03,25.469999,26.648083,1383.219971,
29-8-2015T13-36-04,25.469999,26.606907,1383.569946,
29-8-2015T13-36-05,25.469999,26.569847,1383.569946,
29-8-2015T13-36-06,25.469999,26.536493,1383.780029,
29-8-2015T13-36-07,25.469999,26.492668,1383.780029,
29-8-2015T13-36-08,25.469999,26.497719,1377.430054,
29-8-2015T13-36-09,25.469999,26.570541,1377.430054,
29-8-2015T13-36-10,25.469999,26.636082,1377.300049,
29-8-2015T13-36-11,25.469999,26.695068,1377.300049,
29-8-2015T13-36-12,25.469999,26.748156,1376.829956,
29-8-2015T13-36-13,25.469999,26.89336,1376.829956,
29-8-2015T13-36-14,25.469999,27.011003,1376.920044,
29-8-2015T13-36-15,25.469999,27.156008,1376.920044,
29-8-2015T13-36-16,25.469999,27.286512,1378.780029,
29-8-2015T13-36-17,25.469999,27.403967,1378.780029,
29-8-2015T13-36-18,25.469999,27.509676,1378.180054,
29-8-2015T13-36-19,25.469999,27.706074,1378.180054,
29-8-2015T13-36-20,25.469999,28.085358,1376.430054,
29-8-2015T13-36-21,25.469999,28.294765,1376.430054,
29-8-2015T13-36-22,25.469999,28.483232,1375.959961,
29-8-2015T13-36-23,25.469999,28.652853,1375.959961,
29-8-2015T13-36-24,25.469999,28.805511,1374.719971,
29-8-2015T13-36-25,25.469999,28.758022,1374.719971,
29-8-2015T13-36-26,25.469999,28.53577,1373.199951,
29-8-2015T13-36-27,25.469999,28.45772,1373.199951,
29-8-2015T13-36-28,25.469999,28.387476,1373.619995,
29-8-2015T13-36-29,25.469999,28.324255,1373.619995,
29-8-2015T13-36-30,25.469999,28.267357,1375.280029,
29-8-2015T13-36-31,25.469999,28.224586,1375.280029,
29-8-2015T13-36-32,25.469999,28.188393,1374.02002,
29-8-2015T13-36-33,25.469999,28.053789,1374.02002,
29-8-2015T13-36-34,25.469999,27.932646,1373.560059,
29-8-2015T13-36-35,25.469999,27.823618,1373.560059,
29-8-2015T13-36-36,25.469999,27.725492,1375.910034,
29-8-2015T13-36-37,25.469999,27.602657,1375.910034,
29-8-2015T13-36-38,25.469999,27.448378,1375.380005,
29-8-2015T13-36-39,25.469999,27.337145,1375.380005,
29-8-2015T13-36-40,25.469999,27.237036,1372.47998,
29-8-2015T13-36-41,25.469999,27.146938,1372.47998,
29-8-2015T13-36-42,25.469999,27.065849,1372.189941,
29-8-2015T13-36-43,25.469999,27.050406,1372.189941,
29-8-2015T13-36-44,25.469999,27.06489,1372.530029,
29-8-2015T13-36-45,25.469999,27.087132,1372.530029,
29-8-2015T13-36-46,25.469999,27.107149,1381.369995,
29-8-2015T13-36-47,25.469999,27.125164,1381.369995,
29-8-2015T13-36-48,25.469999,27.141378,1382.050049,
29-8-2015T13-36-49,25.469999,27.105341,1382.050049,
29-8-2015T13-36-50,25.469999,27.094387,1382.25,
29-8-2015T13-36-51,25.469999,27.120583,1382.25,
29-8-2015T13-36-52,25.469999,27.144159,1386.469971,
29-8-2015T13-36-53,25.469999,27.165379,1386.469971,
29-8-2015T13-36-54,25.469999,27.184475,1389.119995,
29-8-2015T13-36-55,25.469999,27.282211,1389.119995,
29-8-2015T13-36-56,25.469999,27.291927,1393.569946,
29-8-2015T13-36-57,25.469999,27.299137,1393.569946,
29-8-2015T13-36-58,25.469999,27.305626,1393.319946,
29-8-2015T13-36-59,25.469999,27.311464,1393.319946,
29-8-2015T13-37-00,25.469999,27.316719,1391.920044,
29-8-2015T13-37-01,25.469999,27.394329,1391.920044,
29-8-2015T13-37-02,25.469999,27.55777,1388.640015,
29-8-2015T13-37-03,25.469999,27.575218,1388.640015,
29-8-2015T13-37-04,25.469999,27.590921,1388.199951,
29-8-2015T13-37-05,25.469999,27.605055,1388.199951,
29-8-2015T13-37-06,25.469999,27.617775,1378.880005,
29-8-2015T13-37-07,25.469999,27.426697,1378.880005,
29-8-2015T13-37-08,25.469999,27.380045375,1378.707504375,
29-8-2015T13-37-09,25.469999,27.33339375,1378.53500375,
29-8-2015T13-37-10,25.469999,27.286742125,1378.3625031249999,
29-8-2015T13-37-11,25.469999,27.2400905,1378.1900025,
29-8-2015T13-37-12,25.469999,27.193438875000002,1378.017501875,
29-8-2015T13-37-13,25.469999,27.146787250000003,1377.84500125,
29-8-2015T13-37-14,25.469999,27.100135625,1377.6725006249999,
29-8-2015T13-37-15,25.469999,27.053484,1377.5,
29-8-2015T13-37-16,25.469999,27.125196,1372.630005,
29-8-2015T13-37-17,25.469999,27.189737,1372.630005,
29-8-2015T13-37-18,25.469999,27.247824,1376.72998,
29-8-2015T13-37-19,25.469999,27.352268,1376.72998,
29-8-2015T13-37-20,25.469999,27.511066749999998,1379.759979,
29-8-2015T13-37-21,25.469999,27.6698655,1382.789978,
29-8-2015T13-37-22,25.469999,27.828664250000003,1385.819977,
29-8-2015T13-37-23,25.469999,27.987463,1388.849976,
29-8-2015T13-37-24,25.469999,28.100029,1389.410034,
29-8-2015T13-37-25,25.469999,28.06632,1389.410034,
29-8-2015T13-37-26,25.469999,27.983816,1388.589966,
